"tract","Name","Household_Income_rP_gP_pall"
25017357100,"Belmont, MA",81330
25017338400,"Winchester, MA",80340
25017367100,"Weston, MA",80030
25017366201,"Wayland, MA",79663
25017334300,"Reading, MA",77804
25009254401,"Andover, MA",77263
25017361300,"Concord, MA",77102
25009254402,"Andover, MA",76231
25017369000,"North Waltham, Waltham, MA",74905
25009254403,"Andover, MA",74873
25009216100,"Wenham, MA",74306
25009253203,"North Andover, MA",74286
25017338300,"Winchester, MA",74144
25017358500,"Lexington, MA",73966
25009202200,"Swampscott, MA",73596
25017360200,"Lincoln, MA",73415
25017334100,"Reading, MA",73413
25009254301,"Andover, MA",73273
25009253204,"North Andover, MA",72962
25017357400,"Belmont, MA",72860
25009203100,"Marblehead, MA",72831
25009254302,"Andover, MA",72737
25009209200,"Lynnfield, MA",72325
25017332100,"Burlington, MA",72294
25017357200,"Belmont, MA",71926
25017338500,"Winchester, MA",71802
25009214100,"Topsfield, Topsfield, MA",71284
25017317103,"Chelmsford, MA",71220
25017337201,"Stoneham, MA",71149
25009253205,"North Andover, MA",71098
33015106101,"Windham, NH",70415
25017358700,"Lexington, MA",70299
25017358300,"Lexington, MA",69886
25009203200,"Marblehead, MA",69728
25017358600,"Lexington, MA",69006
25017337102,"Stoneham, MA",68998
25017358400,"Lexington, MA",68549
25017359100,"Bedford, MA",68516
25017357800,"Belmont, MA",68416
25009213100,"Boxford, MA",68333
25017361100,"Concord, MA",67991
25017330100,"North Reading, MA",67912
25017356400,"Arlington, MA",67776
25017336200,"Melrose, MA",67759
25017338100,"Winchester, MA",67736
25009209100,"Lynnfield, MA",67700
25017362100,"Carlisle, MA",67546
25017358100,"Lexington, MA",67113
25017332200,"Burlington, MA",66877
25017339100,"Medford, MA",66430
25009263100,"West Newbury, MA",66254
25017332300,"Burlington, MA",66073
25009215101,"South Hamilton, Hamilton, MA",65972
25009211300,"Danvers, MA",65914
25009217600,"Prides Crossing, Beverly, MA",65907
25009203301,"Marblehead, MA",65887
25009254100,"Andover, Andover, MA",65877
25017332400,"Burlington, MA",65609
25009268100,"Newburyport, MA",65604
25017339200,"West Medford, Medford, MA",65429
25017335302,"Wakefield, MA",65346
25017359300,"Bedford, MA",65306
25017356602,"Arlington, MA",64941
25017335200,"Wakefield, MA",64552
25017334400,"Reading, MA",64535
33015103100,"Atkinson, NH",64303
33015104102,"Hampstead, NH",64301
25017333100,"Woburn, MA",64272
25017336100,"Melrose, MA",64182
25017335100,"Wakefield, MA",64128
25017312501,"Belvidere, Lowell, MA",64088
25017357500,"Belmont, MA",63708
25017350500,"Tufts, Somerville, MA",63696
25017315402,"Tewksbury, MA",63692
25017316102,"Billerica, MA",63674
25017334200,"Reading, MA",63664
25017316101,"Billerica, MA",63621
25009211402,"Danvers, MA",63593
25017331300,"Wilmington, MA",63501
25009203302,"Marblehead, MA",63459
25017315100,"North Tewksbury, Tewksbury, MA",63427
25017317102,"Chelmsford, MA",63318
25017335400,"Wakefield, MA",63295
25017314301,"Dracut, MA",63262
25017354000,"Neighborhood Nine, Cambridge, MA",63044
25017368101,"Lakeview, Waltham, MA",62855
25017356702,"Arlington, MA",62669
25009210300,"Peabody, MA",62558
25017368102,"Piety Corner, Waltham, MA",62511
25017357300,"Belmont, MA",62411
25017369100,"Warrendale, Waltham, MA",62381
25009253201,"North Andover, MA",62284
25017317203,"Chelmsford, MA",62215
25017331102,"Wilmington, MA",62156
25017312502,"Belvidere, Lowell, MA",61939
25017368901,"North Waltham, Waltham, MA",61852
33015003902,"Londonderry, Londonderry, NH",61687
25017336300,"Melrose, MA",61618
25017333200,"Woburn, MA",61529
25017337202,"Stoneham, MA",61457
25009210100,"Peabody, MA",61370
25009252102,"Methuen, MA",61191
25017331101,"Wilmington, MA",61189
25009218100,"Manchester-by-the-Sea, MA",61114
25017339400,"Medford, MA",61100
25017331200,"Wilmington, MA",61047
25009265102,"Georgetown, MA",61029
33015003602,"Derry, NH",60980
25017316201,"Pinehurst, Billerica, MA",60889
33015104101,"East Hampstead, Hampstead, NH",60808
33015003701,"Londonderry, Londonderry, NH",60787
25009264100,"Groveland, MA",60781
33015106102,"Windham, NH",60699
33011200100,"Pelham, NH",60699
25017333501,"Woburn, MA",60611
25017357700,"Belmont, MA",60470
25009223100,"Ipswich, Ipswich, MA",60434
25009221800,"Gloucester, MA",60410
25017336402,"Melrose, MA",60320
25009210200,"Peabody, MA",60060
25009252602,"Methuen, MA",59948
25017317101,"Chelmsford, MA",59831
25009252502,"Methuen, MA",59725
25009223300,"Ipswich, MA",59608
25017370101,"Watertown, MA",59551
25017368902,"Waltham, MA",59458
25009252603,"Methuen, MA",59446
25009260401,"Haverhill, MA",59367
25017333502,"Woburn, MA",59358
25017356601,"Arlington, MA",59151
25009261101,"Haverhill, MA",59072
25017337101,"Stoneham, MA",59063
25017368200,"Highlands, Waltham, MA",59059
25009268200,"Newburyport, MA",58940
25009217100,"Beverly, MA",58928
25017316202,"Pinehurst, Billerica, MA",58895
25017315200,"Tewksbury, MA",58818
25009252202,"Methuen, MA",58798
25009254200,"Andover, Andover, MA",58783
25017339500,"Medford, MA",58464
25017314302,"Dracut, MA",58406
25009202102,"Swampscott, MA",58228
33015100302,"Salem, NH",58151
25009204702,"Salem, MA",58128
25009217500,"Beverly, MA",58068
25017335301,"Wakefield, MA",58055
25009217202,"Beverly, MA",57967
25009253202,"North Andover, MA",57921
33015100400,"Salem, NH",57819
25017337300,"Stoneham, MA",57807
25017340100,"Medford, MA",57706
25009202101,"Swampscott, MA",57682
25009208400,"Saugus, MA",57557
25017333600,"Woburn, MA",57460
25017330200,"North Reading, MA",57425
25009201100,"Nahant, MA",57398
25009253100,"North Andover, MA",57392
25017341101,"Malden, MA",57382
25017356500,"Arlington, MA",57376
25009215102,"South Hamilton, Hamilton, MA",57172
25017316400,"North Billerica, Billerica, MA",57004
25009222100,"Essex, Essex, MA",56807
25009210500,"South Peabody, Peabody, MA",56769
25017310601,"Pawtucketville, Lowell, MA",56707
25025180200,"Winthrop, MA",56568
25009212100,"Middleton, MA",56567
33011200200,"Pelham, NH",56397
25009211200,"Danvers, MA",56351
25017339801,"Medford, MA",56311
25017354800,"North Cambridge, Cambridge, MA",56194
25017350600,"Tufts, Somerville, MA",56175
25009217201,"Beverly, MA",56093
25009252601,"Methuen, MA",55933
25009265101,"Georgetown, MA",55920
25017350103,"Ten Hills, Somerville, MA",55913
33011200300,"Pelham, NH",55861
25017316300,"Billerica, MA",55856
25009260302,"Haverhill, MA",55850
25017315403,"South Tewksbury, Tewksbury, MA",55797
25009208300,"Saugus, MA",55743
25017333400,"Woburn, MA",55701
25009252201,"Methuen, MA",55579
25017316500,"North Billerica, Billerica, MA",55512
25017356100,"Arlington, MA",55478
25009204102,"Salem, MA",55477
25017314101,"Dracut, MA",55375
25009210600,"South Peabody, Peabody, MA",55041
25017341102,"Malden, MA",55007
25009268400,"Newburyport, MA",55001
25009211100,"Danvers, MA",54950
25009205400,"Lynn, MA",54845
25017315401,"Tewksbury, MA",54833
33015100301,"Salem, NH",54804
25009220101,"Rockport, Rockport, MA",54744
33015003901,"Londonderry, Londonderry, NH",54590
25009211401,"Danvers, MA",54453
33015100200,"Salem, NH",54447
25017357600,"Belmont, MA",54385
33015100100,"Salem, NH",54261
25009221300,"Gloucester, MA",54207
25009221100,"Gloucester, MA",54128
25009210400,"Peabody, MA",54026
33015101100,"Plaistow, NH",53977
25017339600,"South Medford, Medford, MA",53884
25009223200,"Ipswich, Ipswich, MA",53880
33015062500,"Kensington, NH",53836
25009266400,"Amesbury, MA",53661
25017314102,"Dracut, MA",53612
33015003703,"Londonderry, NH",53592
25017338200,"Winchester, MA",53508
25009269100,"Newbury, MA",53492
25009260402,"Haverhill, MA",53487
25009205300,"Lynn, MA",53449
25017312300,"South Lowell, Lowell, MA",53381
25009221901,"Gloucester, MA",53231
25025180101,"Winthrop, MA",53161
25017315500,"Tewksbury, MA",52995
25025170100,"Revere, MA",52932
25017336401,"Melrose, MA",52907
25009260500,"Haverhill, MA",52849
25009266100,"Amesbury, MA",52732
25009262100,"Merrimac, MA",52724
25017314200,"Dracut, MA",52692
25009270100,"Rowley, MA",52674
25017310602,"Pawtucketville, Lowell, MA",52479
25017341300,"Malden, MA",52440
25017356300,"Arlington, MA",52360
25009208102,"Saugus, MA",52320
25017340000,"Medford, MA",52213
25017353600,"Agassiz, Cambridge, MA",52197
25017350400,"Powder House Square, Somerville, MA",52094
25017360100,"Hanscom Air Force Base, MA",52001
25017339900,"Medford, MA",51946
25017310500,"Pawtucketville, Lowell, MA",51761
25017339700,"South Medford, Medford, MA",51609
25009205100,"Lynn, MA",51562
25017354500,"Neighborhood Nine, Cambridge, MA",51466
25009204600,"Salem, MA",51430
25009221902,"Gloucester, MA",51330
25009221700,"Gloucester, MA",51255
25017341600,"Malden, MA",51251
25009210900,"Peabody, MA",51113
25017311600,"Highlands, Lowell, MA",51083
33015105100,"Kingston, NH",51077
25009220102,"Rockport, MA",51041
25025170601,"Revere, MA",50994
25009260301,"Haverhill, MA",50914
25009208200,"Saugus, MA",50899
25009208101,"Saugus, MA",50809
25009252101,"Methuen, MA",50772
25017351100,"Spring Hill, Somerville, MA",50695
25017341700,"Malden, MA",50422
25017341200,"Malden, MA",50244
25017341400,"Malden, MA",50232
25009268300,"Newburyport, MA",50166
33015003601,"Derry, Derry, NH",50075
25009205700,"Lynn, MA",50066
25017342101,"Everett, MA",49999
25017355000,"North Cambridge, Cambridge, MA",49902
25009252501,"Methuen, MA",49741
25017310200,"Centralville, Lowell, MA",49626
25017342600,"Everett, MA",49545
25009261102,"Haverhill, MA",49510
25009204400,"Salem, MA",49417
25009251800,"Lawrence, MA",49294
25017354400,"West Cambridge, Cambridge, MA",49274
25009266300,"Amesbury, MA",48584
25025170300,"Revere, MA",48460
25017354700,"North Cambridge, Cambridge, MA",48304
25017342202,"Everett, MA",48221
25017350900,"Davis Square, Somerville, MA",48189
25009204701,"Salem, MA",48160
25017351000,"Spring Hill, Somerville, MA",48058
33015102100,"Newton, NH",47577
25017311400,"Highlands, Lowell, MA",47564
25017354600,"Neighborhood Nine, Cambridge, MA",47368
25017356701,"Arlington, MA",47213
25017311500,"Highlands, Lowell, MA",47143
25017341500,"Malden, MA",47067
25017342300,"Everett, MA",47051
25009260900,"Haverhill, MA",47043
25025170200,"Revere, MA",46783
25009266200,"Amesbury, MA",46755
25017342201,"Everett, MA",46739
25017341902,"Malden, MA",46488
25017341901,"Malden, MA",46168
25017350700,"West Somerville, Somerville, MA",46090
25017339300,"West Medford, Medford, MA",45890
25009267102,"Salisbury, MA",45888
25017368300,"Banks Square, Waltham, MA",45716
25017351404,"East Somerville, Somerville, MA",45688
25025170502,"Revere, MA",45652
25017350200,"Winter Hill, Somerville, MA",45488
25017342102,"Everett, MA",45266
25017354300,"Strawberry Hill, Cambridge, MA",45219
25017341800,"Malden, MA",45017
25009221400,"Gloucester, MA",44927
25009204101,"Salem, MA",44899
25017339802,"Medford, MA",44665
25009260700,"Haverhill, MA",44617
25009204200,"Salem, MA",44493
25017342500,"Everett, MA",44489
25009206400,"Lynn, MA",44437
25017333300,"Woburn, MA",44415
25017350300,"Magoun Square, Somerville, MA",44390
25009252300,"Methuen, MA",44194
33015063001,"Seabrook, NH",44152
25025160602,"Chelsea, MA",44104
25009204500,"Salem, MA",44010
25017351204,"Ward Two, Somerville, MA",44006
25009221500,"Gloucester, MA",43955
25025170400,"Revere, MA",43816
33015003400,"Derry, Derry, NH",43800
25009205200,"Lynn, MA",43647
25025170701,"Revere, MA",43624
25009260600,"Haverhill, MA",43506
25017310300,"Centralville, Lowell, MA",43425
25017342400,"Everett, MA",43333
25009261000,"Haverhill, MA",43235
25025170800,"Revere, MA",43213
25009267101,"Salisbury, MA",43203
25025040600,"Charlestown, Boston, MA",43037
25009210700,"Peabody, MA",42691
25017351403,"East Somerville, Somerville, MA",42628
25017311300,"Highlands, Lowell, MA",42567
25009210800,"Peabody, MA",42381
25017312200,"South Lowell, Lowell, MA",42330
25009217300,"Beverly, MA",42293
25017351300,"Prospect Hill, Somerville, MA",42137
33015003500,"Derry, Derry, NH",41744
25025170702,"Revere, MA",41545
25009217400,"Beverly, MA",41473
25025051101,"East Boston, Boston, MA",41394
25017350800,"Teele Square, Somerville, MA",41358
25017350104,"Somerville, MA",41324
25025170501,"Revere, MA",40714
25017311700,"Highlands, Lowell, MA",40636
25009260200,"Haverhill, MA",40631
25009205900,"Lynn, MA",40498
25017310700,"The Acre, Lowell, MA",40306
25009252400,"Methuen, MA",40060
25009250800,"Lawrence, MA",39811
25009205500,"Lynn, MA",39795
25025160300,"Chelsea, MA",39628
25009205800,"Lynn, MA",39450
25025050901,"Eagle Hill, Boston, MA",39230
25017354900,"North Cambridge, Cambridge, MA",39106
25017312400,"Belvidere, Lowell, MA",39068
25025160502,"Chelsea, MA",39039
25017312100,"South Lowell, Lowell, MA",39030
25017312000,"Back Central, Lowell, MA",38950
25009221600,"Gloucester, MA",38901
25009260800,"Haverhill, MA",38764
25025051000,"East Boston, Boston, MA",38653
25017311200,"Highlands, Lowell, MA",38557
25025160400,"Chelsea, MA",38281
25009251500,"Lawrence, MA",38210
25009205600,"Lynn, MA",38150
25025160601,"Chelsea, MA",38134
25017311900,"Back Central, Lowell, MA",37836
25025160501,"Chelsea, MA",37624
25017311800,"Highlands, Lowell, MA",36821
25009251700,"Lawrence, MA",36408
33015063002,"Seabrook, NH",36338
25009206700,"Lynn, MA",36214
25009206900,"Lynn, MA",35969
25025050101,"Eagle Hill, Boston, MA",35903
25009206500,"Lynn, MA",35872
25025040801,"Charlestown, Boston, MA",35716
25009207100,"Lynn, MA",35675
25009206600,"Lynn, MA",35582
25017310400,"Centralville, Lowell, MA",35475
25009251600,"Lawrence, MA",35234
25017310100,"Downtown, Lowell, MA",34864
25017311100,"The Acre, Lowell, MA",34696
25025160101,"Chelsea, MA",34529
25009250200,"Lawrence, MA",34462
25009250600,"Lawrence, MA",34410
25009207200,"Lynn, MA",33743
25009206100,"Lynn, MA",33723
25009206300,"Lynn, MA",33717
25009251400,"Lawrence, MA",33568
25025160200,"Chelsea, MA",33404
25009251000,"Lawrence, MA",33169
25009250300,"Lawrence, MA",32907
25009206200,"Lynn, MA",32735
25017388300,"The Acre, Lowell, MA",32237
25009250700,"Lawrence, MA",32146
25009250500,"Lawrence, MA",31429
25009251100,"Lawrence, MA",31078
25009207000,"Lynn, MA",30643
25009251200,"Lawrence, MA",30384
25009204300,"The Point, Salem, MA",30378
25009206000,"Lynn, MA",30330
25009250400,"Lawrence, MA",29954
25009260100,"Haverhill, MA",29638
25009206800,"Lynn, MA",29402
25009250900,"Lawrence, MA",29357
25009251300,"Lawrence, MA",28477
25009250100,"Lawrence, MA",28235
25025981502,"Revere, MA",